timestamp,trade_id,type,symbol,buy_exchange,sell_exchange,amount,buy_price,sell_price,expected_profit,status,execution_strategy,standard_profit,best_strategy,ai_profit,ai_recommended_strategy,ai_confidence,exchange,trading_path,currencies,trading_pairs,flashloan_profit
2025-03-27T13:02:33.903059,trade_87,direct,USDC/DAI,balancer,curve,2.805732543117881,3309.6668934625477,3223.0768879109974,-241.73365450231907,executed,standard,0.0,standard,,,,,,,,
2025-03-27T13:02:33.417387,trade_46,direct,ETH/USDT,curve,uniswap,4.928400539003487,1120.337606076012,1137.1267319570807,411.63431158062303,executed,standard,0.0,standard,,,,,,,,
2025-03-27T13:02:33.737281,trade_68,direct,MATIC/USDT,curve,uniswap,4.0716407160151,3702.226996765227,3565.4866513749403,-553.9737700239934,executed,standard,0.0,standard,,,,,,,,
2025-03-27T13:02:33.772667,trade_140,direct,MATIC/USDT,curve,uniswap,4.0716407160151,3702.226996765227,3565.4866513749403,-553.9737700239934,executed,standard,,ai,0.0,unknown,0.0,,,,,
2025-03-27T13:02:33.275393,trade_29,direct,ETH/USDT,pancakeswap,balancer,2.3684468411901265,2452.6524494107216,2491.916173125272,462.63825562479354,executed,standard,0.0,standard,,,,,,,,
2025-03-27T13:02:33.083862,trade_15,triangle,,,,1.0,,,0.0,executed,triangle,,flashloan,,,,uniswap,"['MATIC', 'DAI', 'ETH', 'WBTC', 'MATIC']",[],"['MATIC/DAI', 'DAI/ETH', 'ETH/WBTC', 'WBTC/MATIC']",0.0
2025-03-27T13:02:33.790822,trade_76,direct,WBTC/ETH,pancakeswap,uniswap,2.7795285434470958,3084.893508962491,3148.056440461846,174.6853551352989,executed,standard,0.0,standard,,,,,,,,
2025-03-27T13:02:33.965316,trade_90,triangle,,,,1.0,,,0.0,executed,triangle,0.0,standard,,,,uniswap,"['WBTC', 'USDT', 'ETH', 'WBTC']",[],"['WBTC/USDT', 'USDT/ETH', 'ETH/WBTC']",
2025-03-27T13:02:33.029918,trade_4,direct,WBTC/ETH,pancakeswap,balancer,0.7721036920499597,843.832956544764,871.6744026517946,106.9415301063461,executed,standard,0.0,standard,,,,,,,,
2025-03-27T13:02:33.847526,trade_83,direct,USDC/DAI,balancer,pancakeswap,4.730252498258981,3250.9675280217853,3152.619696310758,-462.88402626619245,executed,standard,0.0,standard,,,,,,,,
2025-03-27T13:02:34.204402,trade_104,triangle,,,,1.0,,,0.0,executed,triangle,0.0,standard,,,,sushiswap,"['USDC', 'DAI', 'MATIC', 'ETH', 'USDC']",[],"['USDC/DAI', 'DAI/MATIC', 'MATIC/ETH', 'ETH/USDC']",
2025-03-27T13:02:33.083944,trade_16,triangle,,,,1.0,,,0.0,executed,triangle,,flashloan,,,,uniswap,"['USDC', 'DAI', 'WBTC', 'ETH', 'USDC']",[],"['USDC/DAI', 'DAI/WBTC', 'WBTC/ETH', 'ETH/USDC']",0.0
2025-03-27T13:02:33.223716,trade_23,direct,ETH/USDC,pancakeswap,sushiswap,3.837355492218577,2687.544352659659,2573.054347740006,-437.14215493664983,executed,standard,0.0,standard,,,,,,,,
2025-03-27T13:02:33.053859,trade_10,direct,WBTC/ETH,pancakeswap,balancer,0.7721036920499597,843.832956544764,871.6744026517946,106.9415301063461,executed,standard,,ai,0.0,unknown,0.0,,,,,
2025-03-27T13:02:34.204543,trade_106,direct,USDC/DAI,uniswap,pancakeswap,0.7825240646901411,1552.8668195099533,1533.558626377028,-15.033580143337923,executed,standard,0.0,standard,,,,,,,,
2025-03-27T13:02:33.700428,trade_125,triangle,,,,1.0,,,0.0,executed,triangle,,flashloan,,,,curve,"['WBTC', 'DAI', 'USDC', 'ETH', 'WBTC']",[],"['WBTC/DAI', 'DAI/USDC', 'USDC/ETH', 'ETH/WBTC']",0.0
2025-03-27T13:02:33.988379,trade_178,triangle,,,,1.0,,,0.0,executed,triangle,,flashloan,,,,uniswap,"['WBTC', 'USDT', 'ETH', 'WBTC']",[],"['WBTC/USDT', 'USDT/ETH', 'ETH/WBTC']",0.0
2025-03-27T13:02:33.486291,trade_95,triangle,,,,1.0,,,0.0,executed,triangle,,flashloan,,,,sushiswap,"['MATIC', 'WBTC', 'USDT', 'MATIC']",[],"['MATIC/WBTC', 'WBTC/USDT', 'USDT/MATIC']",0.0
2025-03-27T13:02:32.805635,trade_1,triangle,,,,1.0,,,0.0,executed,triangle,0.0,standard,,,,uniswap,"['ETH', 'DAI', 'USDC', 'ETH']",[],"['ETH/DAI', 'DAI/USDC', 'USDC/ETH']",
2025-03-27T13:02:33.349556,trade_67,direct,USDC/DAI,balancer,pancakeswap,1.528088415258277,1176.4705332951849,1199.3860932067716,174.20270671164386,executed,standard,,ai,0.0,unknown,0.0,,,,,
2025-03-27T13:02:33.828885,trade_156,direct,WBTC/ETH,sushiswap,balancer,2.793827411449066,3381.229764051798,3437.1646443741865,777.4426272331864,executed,standard,,ai,0.0,unknown,0.0,,,,,
2025-03-27T13:02:33.042104,trade_8,direct,ETH/USDC,pancakeswap,uniswap,4.639610151475267,1921.7888482724998,2005.542842456762,386.64295223568377,executed,flashloan,,flashloan,,,,,,,,0.0
2025-03-27T13:02:33.754155,trade_133,triangle,,,,1.0,,,0.0,executed,triangle,,flashloan,,,,pancakeswap,"['WBTC', 'USDT', 'USDC', 'ETH', 'WBTC']",[],"['WBTC/USDT', 'USDT/USDC', 'USDC/ETH', 'ETH/WBTC']",0.0
2025-03-27T13:02:33.016500,trade_3,triangle,,,,1.0,,,0.0,executed,triangle,,ai,0.0,unknown,0.0,uniswap,"['ETH', 'DAI', 'USDC', 'ETH']",[],"['ETH/DAI', 'DAI/USDC', 'USDC/ETH']",
2025-03-27T13:02:34.225669,trade_209,direct,USDC/DAI,uniswap,pancakeswap,0.7825240646901411,1552.8668195099533,1533.558626377028,-15.033580143337923,executed,flashloan,,flashloan,,,,,,,,0.0
2025-03-27T13:02:33.367173,trade_39,triangle,,,,1.0,,,0.0,executed,triangle,0.0,standard,,,,curve,"['WBTC', 'MATIC', 'ETH', 'DAI', 'WBTC']",[],"['WBTC/MATIC', 'MATIC/ETH', 'ETH/DAI', 'DAI/WBTC']",
2025-03-27T13:02:33.432692,trade_86,triangle,,,,1.0,,,0.0,executed,triangle,,flashloan,,,,curve,"['MATIC', 'DAI', 'USDT', 'USDC', 'MATIC']",[],"['MATIC/DAI', 'DAI/USDT', 'USDT/USDC', 'USDC/MATIC']",0.0
2025-03-27T13:02:33.647578,trade_113,triangle,,,,1.0,,,0.0,executed,triangle,,flashloan,,,,balancer,"['MATIC', 'ETH', 'USDT', 'WBTC', 'MATIC']",[],"['MATIC/ETH', 'ETH/USDT', 'USDT/WBTC', 'WBTC/MATIC']",0.0
2025-03-27T13:02:33.157142,trade_30,triangle,,,,1.0,,,0.0,executed,triangle,,ai,0.0,unknown,0.0,balancer,"['ETH', 'USDT', 'DAI', 'ETH']",[],"['ETH/USDT', 'USDT/DAI', 'DAI/ETH']",
2025-03-27T13:02:32.821306,trade_2,direct,ETH/USDT,sushiswap,curve,0.8434194547142595,2123.722349386344,2042.7405542726017,-67.96011336923128,executed,flashloan,,flashloan,,,,,,,,0.0
2025-03-27T13:02:34.145193,trade_103,direct,ETH/USDC,uniswap,sushiswap,3.2185775242685093,342.8922467623512,356.2154759213533,213.32269986230963,executed,standard,0.0,standard,,,,,,,,
2025-03-27T13:02:33.808264,trade_145,triangle,,,,1.0,,,0.0,executed,triangle,,flashloan,,,,uniswap,"['USDT', 'ETH', 'MATIC', 'USDC', 'USDT']",[],"['USDT/ETH', 'ETH/MATIC', 'MATIC/USDC', 'USDC/USDT']",0.0
2025-03-27T13:02:33.700301,trade_123,direct,WBTC/ETH,balancer,sushiswap,3.4790620334197007,3621.136411600401,3566.8922618144425,-187.77516824518264,executed,flashloan,,flashloan,,,,,,,,0.0
2025-03-27T13:02:34.163336,trade_203,direct,ETH/USDC,uniswap,curve,2.6178268029798044,3832.787766539236,3690.0692366118165,-371.7443309612453,executed,flashloan,,flashloan,,,,,,,,0.0
2025-03-27T13:02:33.157265,trade_32,direct,ETH/USDT,pancakeswap,balancer,3.1849896473561814,2613.359815401091,2540.8455029938777,-229.80254763061566,executed,standard,,ai,0.0,unknown,0.0,,,,,
2025-03-27T13:02:33.124893,trade_15,direct,ETH/USDT,pancakeswap,balancer,3.1849896473561814,2613.359815401091,2540.8455029938777,-229.80254763061566,executed,standard,0.0,standard,,,,,,,,
2025-03-27T13:02:33.847460,trade_82,triangle,,,,1.0,,,0.0,executed,triangle,0.0,standard,,,,pancakeswap,"['ETH', 'USDC', 'DAI', 'ETH']",[],"['ETH/USDC', 'USDC/DAI', 'DAI/ETH']",
2025-03-27T13:02:33.366940,trade_36,triangle,,,,1.0,,,0.0,executed,triangle,0.0,standard,,,,uniswap,"['USDT', 'DAI', 'MATIC', 'USDT']",[],"['USDT/DAI', 'DAI/MATIC', 'MATIC/USDT']",
2025-03-27T13:02:33.066869,trade_10,triangle,,,,1.0,,,0.0,executed,triangle,0.0,standard,,,,uniswap,"['USDC', 'DAI', 'WBTC', 'ETH', 'USDC']",[],"['USDC/DAI', 'DAI/WBTC', 'WBTC/ETH', 'ETH/USDC']",
2025-03-27T13:02:33.486387,trade_96,direct,ETH/USDT,curve,balancer,0.45785419341643974,2801.5224087465313,2938.2575939090602,311.45739656075006,executed,flashloan,,flashloan,,,,,,,,0.0
2025-03-27T13:02:33.754318,trade_135,direct,USDC/DAI,pancakeswap,balancer,2.811868191877514,4117.77094102543,4176.251754310367,818.0780316805668,executed,flashloan,,flashloan,,,,,,,,0.0
2025-03-27T13:02:33.866317,trade_158,triangle,,,,1.0,,,0.0,executed,triangle,,flashloan,,,,curve,"['ETH', 'DAI', 'USDC', 'ETH']",[],"['ETH/DAI', 'DAI/USDC', 'USDC/ETH']",0.0
2025-03-27T13:02:33.924216,trade_170,direct,USDC/DAI,balancer,curve,2.805732543117881,3309.6668934625477,3223.0768879109974,-241.73365450231907,executed,flashloan,,flashloan,,,,,,,,0.0
2025-03-27T13:02:33.171739,trade_20,direct,ETH/USDC,sushiswap,balancer,1.2396774715399574,1877.5276356891102,1964.5631014786527,536.7784141348909,executed,standard,0.0,standard,,,,,,,,
2025-03-27T13:02:33.367098,trade_38,triangle,,,,1.0,,,0.0,executed,triangle,0.0,standard,,,,balancer,"['USDC', 'WBTC', 'USDT', 'DAI', 'USDC']",[],"['USDC/WBTC', 'WBTC/USDT', 'USDT/DAI', 'DAI/USDC']",
2025-03-27T13:02:33.401192,trade_78,triangle,,,,1.0,,,0.0,executed,triangle,,ai,0.0,unknown,0.0,balancer,"['WBTC', 'DAI', 'ETH', 'WBTC']",[],"['WBTC/DAI', 'DAI/ETH', 'ETH/WBTC']",
2025-03-27T13:02:33.666539,trade_120,triangle,,,,1.0,,,0.0,executed,triangle,,ai,0.0,unknown,0.0,balancer,"['USDC', 'MATIC', 'DAI', 'ETH', 'USDC']",[],"['USDC/MATIC', 'MATIC/DAI', 'DAI/ETH', 'ETH/USDC']",
2025-03-27T13:02:33.988303,trade_177,direct,USDC/DAI,curve,sushiswap,2.241285530953071,4644.98761950935,4533.390953995105,-248.86939176108982,executed,flashloan,,flashloan,,,,,,,,0.0
2025-03-27T13:02:33.417127,trade_42,direct,ETH/USDC,uniswap,curve,3.9377413890223822,2656.075043036793,2575.363708558123,-316.23126052818816,executed,standard,0.0,standard,,,,,,,,
2025-03-27T13:02:33.030035,trade_6,direct,ETH/USDC,pancakeswap,uniswap,4.639610151475267,1921.7888482724998,2005.542842456762,386.64295223568377,executed,standard,0.0,standard,,,,,,,,
2025-03-27T13:02:33.029978,trade_5,direct,WBTC/ETH,uniswap,curve,0.5633648170965114,836.5008470432593,809.5403101084131,-15.11267486932777,executed,standard,0.0,standard,,,,,,,,
2025-03-27T13:02:33.790896,trade_77,triangle,,,,1.0,,,0.0,executed,triangle,0.0,standard,,,,curve,"['ETH', 'USDT', 'MATIC', 'ETH']",[],"['ETH/USDT', 'USDT/MATIC', 'MATIC/ETH']",
2025-03-27T13:02:33.332699,trade_61,triangle,,,,1.0,,,0.0,executed,triangle,,flashloan,,,,pancakeswap,"['ETH', 'USDT', 'WBTC', 'MATIC', 'ETH']",[],"['ETH/USDT', 'USDT/WBTC', 'WBTC/MATIC', 'MATIC/ETH']",0.0
2025-03-27T13:02:33.944217,trade_174,triangle,,,,1.0,,,0.0,executed,triangle,,ai,0.0,unknown,0.0,balancer,"['DAI', 'USDT', 'USDC', 'DAI']",[],"['DAI/USDT', 'USDT/USDC', 'USDC/DAI']",
2025-03-27T13:02:34.050456,trade_185,triangle,,,,1.0,,,0.0,executed,triangle,,flashloan,,,,sushiswap,"['MATIC', 'DAI', 'USDT', 'ETH', 'MATIC']",[],"['MATIC/DAI', 'DAI/USDT', 'USDT/ETH', 'ETH/MATIC']",0.0
2025-03-27T13:02:33.808549,trade_149,triangle,,,,1.0,,,0.0,executed,triangle,,flashloan,,,,curve,"['ETH', 'USDT', 'MATIC', 'ETH']",[],"['ETH/USDT', 'USDT/MATIC', 'MATIC/ETH']",0.0
2025-03-27T13:02:33.241286,trade_44,direct,MATIC/USDT,uniswap,sushiswap,1.379155673283795,4882.174014312467,5116.370569624317,321.37854038225043,executed,flashloan,,flashloan,,,,,,,,0.0
2025-03-27T13:02:33.171590,trade_18,triangle,,,,1.0,,,0.0,executed,triangle,0.0,standard,,,,curve,"['USDC', 'WBTC', 'DAI', 'USDC']",[],"['USDC/WBTC', 'WBTC/DAI', 'DAI/USDC']",
2025-03-27T13:02:33.400968,trade_76,direct,WBTC/ETH,pancakeswap,curve,0.5478347603980026,3650.7543909085816,3832.6722345400544,99.16261368657936,executed,standard,,ai,0.0,unknown,0.0,,,,,
2025-03-27T13:02:34.247805,trade_215,direct,ETH/USDC,uniswap,sushiswap,4.875864311755124,2550.350135557793,2589.2247562868115,942.9762534426478,executed,standard,,ai,0.0,unknown,0.0,,,,,
2025-03-27T13:02:34.302000,trade_217,triangle,,,,1.0,,,0.0,executed,triangle,,flashloan,,,,sushiswap,"['USDC', 'MATIC', 'DAI', 'ETH', 'USDC']",[],"['USDC/MATIC', 'MATIC/DAI', 'DAI/ETH', 'ETH/USDC']",0.0
2025-03-27T13:02:33.790670,trade_74,direct,WBTC/ETH,uniswap,balancer,0.19835313356018935,524.5106587377891,506.4799239331983,-3.5585704851389357,executed,standard,0.0,standard,,,,,,,,
2025-03-27T13:02:33.903002,trade_86,triangle,,,,1.0,,,0.0,executed,triangle,0.0,standard,,,,balancer,"['DAI', 'USDT', 'USDC', 'DAI']",[],"['DAI/USDT', 'USDT/USDC', 'USDC/DAI']",
2025-03-27T13:02:33.260447,trade_46,triangle,,,,1.0,,,0.0,executed,triangle,,ai,0.0,unknown,0.0,uniswap,"['USDT', 'ETH', 'USDC', 'USDT']",[],"['USDT/ETH', 'ETH/USDC', 'USDC/USDT']",
2025-03-27T13:02:34.106913,trade_198,direct,USDC/DAI,balancer,uniswap,4.172911531054929,560.1376641095897,532.9258685018183,-112.9846535940171,executed,flashloan,,flashloan,,,,,,,,0.0
2025-03-27T13:02:34.007880,trade_181,triangle,,,,1.0,,,0.0,executed,triangle,,ai,0.0,unknown,0.0,uniswap,"['WBTC', 'USDT', 'ETH', 'WBTC']",[],"['WBTC/USDT', 'USDT/ETH', 'ETH/WBTC']",
2025-03-27T13:02:33.417321,trade_45,triangle,,,,1.0,,,0.0,executed,triangle,0.0,standard,,,,curve,"['MATIC', 'DAI', 'USDT', 'USDC', 'MATIC']",[],"['MATIC/DAI', 'DAI/USDT', 'USDT/USDC', 'USDC/MATIC']",
2025-03-27T13:02:34.247616,trade_213,direct,USDC/DAI,balancer,uniswap,0.6639064524996464,1731.794634583058,1786.763692720039,181.55621653618874,executed,standard,,ai,0.0,unknown,0.0,,,,,
2025-03-27T13:02:33.139448,trade_23,direct,ETH/USDT,balancer,sushiswap,3.1205104471779928,2210.1545910051727,2260.8272965877763,786.6563758105013,executed,flashloan,,flashloan,,,,,,,,0.0
2025-03-27T13:02:34.247888,trade_216,triangle,,,,1.0,,,0.0,executed,triangle,,ai,0.0,unknown,0.0,uniswap,"['MATIC', 'USDT', 'ETH', 'WBTC', 'MATIC']",[],"['MATIC/USDT', 'USDT/ETH', 'ETH/WBTC', 'WBTC/MATIC']",
2025-03-27T13:02:33.902940,trade_85,triangle,,,,1.0,,,0.0,executed,triangle,0.0,standard,,,,uniswap,"['DAI', 'USDT', 'WBTC', 'MATIC', 'DAI']",[],"['DAI/USDT', 'USDT/WBTC', 'WBTC/MATIC', 'MATIC/DAI']",
2025-03-27T13:02:33.847317,trade_80,triangle,,,,1.0,,,0.0,executed,triangle,0.0,standard,,,,curve,"['ETH', 'DAI', 'USDC', 'ETH']",[],"['ETH/DAI', 'DAI/USDC', 'USDC/ETH']",
2025-03-27T13:02:33.139801,trade_27,triangle,,,,1.0,,,0.0,executed,triangle,,flashloan,,,,curve,"['USDC', 'USDT', 'MATIC', 'USDC']",[],"['USDC/USDT', 'USDT/MATIC', 'MATIC/USDC']",0.0
2025-03-27T13:02:33.866235,trade_157,triangle,,,,1.0,,,0.0,executed,triangle,,flashloan,,,,curve,"['USDC', 'DAI', 'USDT', 'MATIC', 'USDC']",[],"['USDC/DAI', 'DAI/USDT', 'USDT/MATIC', 'MATIC/USDC']",0.0
2025-03-27T13:02:33.511383,trade_97,direct,ETH/USDT,sushiswap,balancer,3.0534690167517624,3172.262045413622,3052.353724503135,-364.3056610371463,executed,standard,,ai,0.0,unknown,0.0,,,,,
2025-03-27T13:02:33.275137,trade_25,triangle,,,,1.0,,,0.0,executed,triangle,0.0,standard,,,,uniswap,"['USDC', 'MATIC', 'WBTC', 'USDC']",[],"['USDC/MATIC', 'MATIC/WBTC', 'WBTC/USDC']",
2025-03-27T13:02:33.884851,trade_163,triangle,,,,1.0,,,0.0,executed,triangle,,ai,0.0,unknown,0.0,curve,"['ETH', 'DAI', 'USDC', 'ETH']",[],"['ETH/DAI', 'DAI/USDC', 'USDC/ETH']",
2025-03-27T13:02:33.808344,trade_146,direct,WBTC/ETH,uniswap,balancer,0.19835313356018935,524.5106587377891,506.4799239331983,-3.5585704851389357,executed,flashloan,,flashloan,,,,,,,,0.0
2025-03-27T13:02:33.450530,trade_89,triangle,,,,1.0,,,0.0,executed,triangle,,ai,0.0,unknown,0.0,sushiswap,"['DAI', 'MATIC', 'USDC', 'ETH', 'DAI']",[],"['DAI/MATIC', 'MATIC/USDC', 'USDC/ETH', 'ETH/DAI']",
2025-03-27T13:02:33.965383,trade_91,direct,ETH/USDC,pancakeswap,sushiswap,0.14848791285034355,2439.8544974920846,2390.8163342318558,-7.2451666399631565,executed,standard,0.0,standard,,,,,,,,
2025-03-27T13:02:33.737195,trade_67,triangle,,,,1.0,,,0.0,executed,triangle,0.0,standard,,,,pancakeswap,"['WBTC', 'USDT', 'USDC', 'ETH', 'WBTC']",[],"['WBTC/USDT', 'USDT/USDC', 'USDC/ETH', 'ETH/WBTC']",
2025-03-27T13:02:33.367312,trade_41,triangle,,,,1.0,,,0.0,executed,triangle,0.0,standard,,,,balancer,"['WBTC', 'ETH', 'USDT', 'WBTC']",[],"['WBTC/ETH', 'ETH/USDT', 'USDT/WBTC']",
2025-03-27T13:02:33.772938,trade_144,direct,USDC/DAI,balancer,uniswap,3.631005435739189,3283.3778630276925,3194.152117505333,-322.35927116457066,executed,standard,,ai,0.0,unknown,0.0,,,,,
2025-03-27T13:02:34.069543,trade_189,triangle,,,,1.0,,,0.0,executed,triangle,,ai,0.0,unknown,0.0,sushiswap,"['DAI', 'ETH', 'MATIC', 'WBTC', 'DAI']",[],"['DAI/ETH', 'ETH/MATIC', 'MATIC/WBTC', 'WBTC/DAI']",
2025-03-27T13:02:33.066939,trade_11,triangle,,,,1.0,,,0.0,executed,triangle,0.0,standard,,,,pancakeswap,"['WBTC', 'ETH', 'DAI', 'WBTC']",[],"['WBTC/ETH', 'ETH/DAI', 'DAI/WBTC']",
2025-03-27T13:02:33.647874,trade_117,direct,ETH/USDC,balancer,pancakeswap,3.422887476246537,3231.1010071766264,3274.8217459070966,744.4991630439046,executed,flashloan,,flashloan,,,,,,,,0.0
2025-03-27T13:02:33.944148,trade_173,triangle,,,,1.0,,,0.0,executed,triangle,,ai,0.0,unknown,0.0,uniswap,"['DAI', 'USDT', 'WBTC', 'MATIC', 'DAI']",[],"['DAI/USDT', 'USDT/WBTC', 'WBTC/MATIC', 'MATIC/DAI']",
2025-03-27T13:02:33.450782,trade_92,direct,ETH/USDT,curve,uniswap,4.928400539003487,1120.337606076012,1137.1267319570807,411.63431158062303,executed,standard,,ai,0.0,unknown,0.0,,,,,
2025-03-27T13:02:33.486201,trade_94,direct,MATIC/USDT,balancer,curve,1.6792888913084243,1070.5321259641778,1117.4539958936666,78.40139805734934,executed,flashloan,,flashloan,,,,,,,,0.0
2025-03-27T13:02:33.924154,trade_169,triangle,,,,1.0,,,0.0,executed,triangle,,flashloan,,,,balancer,"['DAI', 'USDT', 'USDC', 'DAI']",[],"['DAI/USDT', 'USDT/USDC', 'USDC/DAI']",0.0
2025-03-27T13:02:33.383832,trade_74,direct,ETH/USDT,uniswap,balancer,4.101584474905545,2842.5577616524906,2739.6111664260243,-420.1329359416333,executed,flashloan,,flashloan,,,,,,,,0.0
2025-03-27T13:02:33.432496,trade_83,direct,ETH/USDC,uniswap,curve,3.9377413890223822,2656.075043036793,2575.363708558123,-316.23126052818816,executed,flashloan,,flashloan,,,,,,,,0.0
2025-03-27T13:02:34.183867,trade_206,direct,ETH/USDC,uniswap,sushiswap,3.2185775242685093,342.8922467623512,356.2154759213533,213.32269986230963,executed,standard,,ai,0.0,unknown,0.0,,,,,
2025-03-27T13:02:33.586468,trade_104,triangle,,,,1.0,,,0.0,executed,triangle,,flashloan,,,,pancakeswap,"['USDC', 'USDT', 'ETH', 'MATIC', 'USDC']",[],"['USDC/USDT', 'USDT/ETH', 'ETH/MATIC', 'MATIC/USDC']",0.0
2025-03-27T13:02:34.027734,trade_92,triangle,,,,1.0,,,0.0,executed,triangle,0.0,standard,,,,sushiswap,"['DAI', 'ETH', 'MATIC', 'WBTC', 'DAI']",[],"['DAI/ETH', 'ETH/MATIC', 'MATIC/WBTC', 'WBTC/DAI']",
2025-03-27T13:02:33.808621,trade_150,direct,WBTC/ETH,sushiswap,balancer,2.793827411449066,3381.229764051798,3437.1646443741865,777.4426272331864,executed,flashloan,,flashloan,,,,,,,,0.0
2025-03-27T13:02:33.241196,trade_43,direct,ETH/USDC,pancakeswap,sushiswap,3.837355492218577,2687.544352659659,2573.054347740006,-437.14215493664983,executed,flashloan,,flashloan,,,,,,,,0.0
2025-03-27T13:02:34.204674,trade_108,triangle,,,,1.0,,,0.0,executed,triangle,0.0,standard,,,,uniswap,"['MATIC', 'USDT', 'ETH', 'WBTC', 'MATIC']",[],"['MATIC/USDT', 'USDT/ETH', 'ETH/WBTC', 'WBTC/MATIC']",
2025-03-27T13:02:33.302166,trade_54,triangle,,,,1.0,,,0.0,executed,triangle,,ai,0.0,unknown,0.0,uniswap,"['USDC', 'MATIC', 'WBTC', 'USDC']",[],"['USDC/MATIC', 'MATIC/WBTC', 'WBTC/USDC']",
2025-03-27T13:02:33.367021,trade_37,triangle,,,,1.0,,,0.0,executed,triangle,0.0,standard,,,,balancer,"['WBTC', 'DAI', 'ETH', 'WBTC']",[],"['WBTC/DAI', 'DAI/ETH', 'ETH/WBTC']",
2025-03-27T13:02:34.069675,trade_191,triangle,,,,1.0,,,0.0,executed,triangle,,ai,0.0,unknown,0.0,sushiswap,"['MATIC', 'DAI', 'USDT', 'ETH', 'MATIC']",[],"['MATIC/DAI', 'DAI/USDT', 'USDT/ETH', 'ETH/MATIC']",
2025-03-27T13:02:33.275334,trade_28,triangle,,,,1.0,,,0.0,executed,triangle,0.0,standard,,,,sushiswap,"['USDT', 'MATIC', 'WBTC', 'USDT']",[],"['USDT/MATIC', 'MATIC/WBTC', 'WBTC/USDT']",
2025-03-27T13:02:33.471183,trade_49,triangle,,,,1.0,,,0.0,executed,triangle,0.0,standard,,,,sushiswap,"['MATIC', 'WBTC', 'USDT', 'MATIC']",[],"['MATIC/WBTC', 'WBTC/USDT', 'USDT/MATIC']",
2025-03-27T13:02:33.275273,trade_27,triangle,,,,1.0,,,0.0,executed,triangle,0.0,standard,,,,pancakeswap,"['ETH', 'DAI', 'USDT', 'ETH']",[],"['ETH/DAI', 'DAI/USDT', 'USDT/ETH']",
2025-03-27T13:02:33.139642,trade_25,direct,MATIC/USDT,pancakeswap,balancer,1.8325675127988221,2883.778718534347,2987.4722388714085,189.07524977415608,executed,flashloan,,flashloan,,,,,,,,0.0
2025-03-27T13:02:33.624626,trade_61,direct,ETH/USDC,balancer,pancakeswap,3.422887476246537,3231.1010071766264,3274.8217459070966,744.4991630439046,executed,standard,0.0,standard,,,,,,,,
2025-03-27T13:02:34.028176,trade_97,direct,ETH/USDT,uniswap,curve,2.239745806885913,2357.8689156370706,2459.2931047044417,1130.1328219916002,executed,standard,0.0,standard,,,,,,,,
2025-03-27T13:02:33.511599,trade_99,triangle,,,,1.0,,,0.0,executed,triangle,,ai,0.0,unknown,0.0,sushiswap,"['MATIC', 'WBTC', 'USDT', 'MATIC']",[],"['MATIC/WBTC', 'WBTC/USDT', 'USDT/MATIC']",
2025-03-27T13:02:33.924076,trade_168,triangle,,,,1.0,,,0.0,executed,triangle,,flashloan,,,,uniswap,"['DAI', 'USDT', 'WBTC', 'MATIC', 'DAI']",[],"['DAI/USDT', 'USDT/WBTC', 'WBTC/MATIC', 'MATIC/DAI']",0.0
2025-03-27T13:02:34.088322,trade_98,direct,ETH/USDT,curve,uniswap,1.2267505163871695,2808.802589066331,2671.5787529087265,-167.497714807635,executed,standard,0.0,standard,,,,,,,,
2025-03-27T13:02:33.847229,trade_79,triangle,,,,1.0,,,0.0,executed,triangle,0.0,standard,,,,curve,"['USDC', 'DAI', 'USDT', 'MATIC', 'USDC']",[],"['USDC/DAI', 'DAI/USDT', 'USDT/MATIC', 'MATIC/USDC']",
2025-03-27T13:02:33.223617,trade_22,triangle,,,,1.0,,,0.0,executed,triangle,0.0,standard,,,,uniswap,"['USDT', 'ETH', 'USDC', 'USDT']",[],"['USDT/ETH', 'ETH/USDC', 'USDC/USDT']",
2025-03-27T13:02:33.903126,trade_88,triangle,,,,1.0,,,0.0,executed,triangle,0.0,standard,,,,pancakeswap,"['WBTC', 'ETH', 'MATIC', 'USDT', 'WBTC']",[],"['WBTC/ETH', 'ETH/MATIC', 'MATIC/USDT', 'USDT/WBTC']",
2025-03-27T13:02:33.450428,trade_88,direct,ETH/USDC,uniswap,curve,3.9377413890223822,2656.075043036793,2575.363708558123,-316.23126052818816,executed,standard,,ai,0.0,unknown,0.0,,,,,
2025-03-27T13:02:33.847387,trade_81,direct,MATIC/USDT,sushiswap,balancer,1.1083167549925592,3004.522429135497,2958.40167145127,-50.860826451908814,executed,standard,0.0,standard,,,,,,,,
2025-03-27T13:02:33.808413,trade_147,direct,WBTC/ETH,uniswap,pancakeswap,1.4776266922441248,3470.050328643333,3615.445287894513,1068.819727398654,executed,flashloan,,flashloan,,,,,,,,0.0
2025-03-27T13:02:34.028010,trade_95,triangle,,,,1.0,,,0.0,executed,triangle,0.0,standard,,,,uniswap,"['WBTC', 'MATIC', 'USDT', 'DAI', 'WBTC']",[],"['WBTC/MATIC', 'MATIC/USDT', 'USDT/DAI', 'DAI/WBTC']",
2025-03-27T13:02:34.050396,trade_184,direct,ETH/USDC,uniswap,curve,1.8145626551302099,1495.0184967333191,1528.991083270916,306.67763394383314,executed,flashloan,,flashloan,,,,,,,,0.0
2025-03-27T13:02:33.302299,trade_56,triangle,,,,1.0,,,0.0,executed,triangle,,ai,0.0,unknown,0.0,pancakeswap,"['ETH', 'DAI', 'USDT', 'ETH']",[],"['ETH/DAI', 'DAI/USDT', 'USDT/ETH']",
2025-03-27T13:02:33.450617,trade_90,triangle,,,,1.0,,,0.0,executed,triangle,,ai,0.0,unknown,0.0,balancer,"['USDT', 'ETH', 'MATIC', 'USDT']",[],"['USDT/ETH', 'ETH/MATIC', 'MATIC/USDT']",
2025-03-27T13:02:33.083673,trade_13,direct,USDC/DAI,balancer,sushiswap,4.752978113103631,964.6975804981544,917.3430400009744,-223.94971906648013,executed,flashloan,,flashloan,,,,,,,,0.0
2025-03-27T13:02:34.106847,trade_197,triangle,,,,1.0,,,0.0,executed,triangle,,flashloan,,,,balancer,"['DAI', 'WBTC', 'MATIC', 'USDT', 'DAI']",[],"['DAI/WBTC', 'WBTC/MATIC', 'MATIC/USDT', 'USDT/DAI']",0.0
2025-03-27T13:02:34.069805,trade_193,direct,USDC/DAI,curve,sushiswap,3.0614510962085455,510.8204655372548,521.3447986103125,160.2793853113649,executed,standard,,ai,0.0,unknown,0.0,,,,,
2025-03-27T13:02:33.125072,trade_17,triangle,,,,1.0,,,0.0,executed,triangle,0.0,standard,,,,curve,"['USDC', 'USDT', 'WBTC', 'USDC']",[],"['USDC/USDT', 'USDT/WBTC', 'WBTC/USDC']",
2025-03-27T13:02:33.737355,trade_69,direct,USDC/DAI,pancakeswap,balancer,2.811868191877514,4117.77094102543,4176.251754310367,818.0780316805668,executed,standard,0.0,standard,,,,,,,,
2025-03-27T13:02:33.700547,trade_127,direct,ETH/USDT,balancer,pancakeswap,0.6085756004818348,2285.8743892557695,2182.4664795327803,-62.61687310046831,executed,flashloan,,flashloan,,,,,,,,0.0
2025-03-27T13:02:33.157065,trade_29,direct,ETH/USDT,balancer,sushiswap,3.1205104471779928,2210.1545910051727,2260.8272965877763,786.6563758105013,executed,standard,,ai,0.0,unknown,0.0,,,,,
2025-03-27T13:02:33.607645,trade_109,direct,USDC/DAI,sushiswap,pancakeswap,4.405992385143838,2293.656718503423,2261.024348188261,-143.05908524220865,executed,standard,,ai,0.0,unknown,0.0,,,,,
2025-03-27T13:02:33.684135,trade_66,direct,ETH/USDT,balancer,pancakeswap,0.6085756004818348,2285.8743892557695,2182.4664795327803,-62.61687310046831,executed,standard,0.0,standard,,,,,,,,
2025-03-27T13:02:33.555700,trade_52,direct,ETH/USDC,uniswap,sushiswap,2.98248076239381,2886.694192829,2744.130032479525,-423.0688913208887,executed,standard,0.0,standard,,,,,,,,
2025-03-27T13:02:34.274740,trade_109,triangle,,,,1.0,,,0.0,executed,triangle,0.0,standard,,,,sushiswap,"['USDC', 'MATIC', 'DAI', 'ETH', 'USDC']",[],"['USDC/MATIC', 'MATIC/DAI', 'DAI/ETH', 'ETH/USDC']",
2025-03-27T13:02:33.318837,trade_33,direct,USDC/DAI,balancer,pancakeswap,1.528088415258277,1176.4705332951849,1199.3860932067716,174.20270671164386,executed,standard,0.0,standard,,,,,,,,
2025-03-27T13:02:33.471003,trade_47,direct,ETH/USDT,sushiswap,balancer,3.0534690167517624,3172.262045413622,3052.353724503135,-364.3056610371463,executed,standard,0.0,standard,,,,,,,,
2025-03-27T13:02:33.718613,trade_131,direct,ETH/USDT,balancer,sushiswap,3.4329123358480604,2274.703840596728,2322.1895866008576,810.981207986251,executed,standard,,ai,0.0,unknown,0.0,,,,,
2025-03-27T13:02:33.349493,trade_66,triangle,,,,1.0,,,0.0,executed,triangle,,ai,0.0,unknown,0.0,pancakeswap,"['ETH', 'USDT', 'WBTC', 'MATIC', 'ETH']",[],"['ETH/USDT', 'USDT/WBTC', 'WBTC/MATIC', 'MATIC/ETH']",
2025-03-27T13:02:33.884981,trade_165,triangle,,,,1.0,,,0.0,executed,triangle,,ai,0.0,unknown,0.0,pancakeswap,"['ETH', 'USDC', 'DAI', 'ETH']",[],"['ETH/USDC', 'USDC/DAI', 'DAI/ETH']",
2025-03-27T13:02:33.772736,trade_141,direct,USDC/DAI,pancakeswap,balancer,2.811868191877514,4117.77094102543,4176.251754310367,818.0780316805668,executed,standard,,ai,0.0,unknown,0.0,,,,,
2025-03-27T13:02:33.288536,trade_53,direct,ETH/USDT,pancakeswap,balancer,2.3684468411901265,2452.6524494107216,2491.916173125272,462.63825562479354,executed,flashloan,,flashloan,,,,,,,,0.0
2025-03-27T13:02:33.586605,trade_106,triangle,,,,1.0,,,0.0,executed,triangle,,flashloan,,,,sushiswap,"['USDT', 'USDC', 'WBTC', 'ETH', 'USDT']",[],"['USDT/USDC', 'USDC/WBTC', 'WBTC/ETH', 'ETH/USDT']",0.0
2025-03-27T13:02:33.241049,trade_41,triangle,,,,1.0,,,0.0,executed,triangle,,flashloan,,,,pancakeswap,"['MATIC', 'DAI', 'USDT', 'MATIC']",[],"['MATIC/DAI', 'DAI/USDT', 'USDT/MATIC']",0.0
2025-03-27T13:02:33.288476,trade_52,triangle,,,,1.0,,,0.0,executed,triangle,,flashloan,,,,sushiswap,"['USDT', 'MATIC', 'WBTC', 'USDT']",[],"['USDT/MATIC', 'MATIC/WBTC', 'WBTC/USDT']",0.0
2025-03-27T13:02:34.225533,trade_207,triangle,,,,1.0,,,0.0,executed,triangle,,flashloan,,,,sushiswap,"['USDC', 'DAI', 'MATIC', 'ETH', 'USDC']",[],"['USDC/DAI', 'DAI/MATIC', 'MATIC/ETH', 'ETH/USDC']",0.0
2025-03-27T13:02:33.288284,trade_49,triangle,,,,1.0,,,0.0,executed,triangle,,flashloan,,,,uniswap,"['USDC', 'MATIC', 'WBTC', 'USDC']",[],"['USDC/MATIC', 'MATIC/WBTC', 'WBTC/USDC']",0.0
2025-03-27T13:02:33.647664,trade_114,triangle,,,,1.0,,,0.0,executed,triangle,,flashloan,,,,uniswap,"['USDC', 'USDT', 'WBTC', 'USDC']",[],"['USDC/USDT', 'USDT/WBTC', 'WBTC/USDC']",0.0
2025-03-27T13:02:34.328793,trade_221,triangle,,,,1.0,,,0.0,executed,triangle,,ai,0.0,unknown,0.0,sushiswap,"['USDC', 'MATIC', 'DAI', 'ETH', 'USDC']",[],"['USDC/MATIC', 'MATIC/DAI', 'DAI/ETH', 'ETH/USDC']",
2025-03-27T13:02:34.088397,trade_99,triangle,,,,1.0,,,0.0,executed,triangle,0.0,standard,,,,sushiswap,"['USDT', 'MATIC', 'DAI', 'USDT']",[],"['USDT/MATIC', 'MATIC/DAI', 'DAI/USDT']",
2025-03-27T13:02:33.383522,trade_69,direct,WBTC/ETH,pancakeswap,curve,0.5478347603980026,3650.7543909085816,3832.6722345400544,99.16261368657936,executed,flashloan,,flashloan,,,,,,,,0.0
2025-03-27T13:02:33.157322,trade_33,triangle,,,,1.0,,,0.0,executed,triangle,,ai,0.0,unknown,0.0,curve,"['USDC', 'USDT', 'MATIC', 'USDC']",[],"['USDC/USDT', 'USDT/MATIC', 'MATIC/USDC']",
2025-03-27T13:02:33.624473,trade_59,triangle,,,,1.0,,,0.0,executed,triangle,0.0,standard,,,,balancer,"['USDC', 'MATIC', 'DAI', 'ETH', 'USDC']",[],"['USDC/MATIC', 'MATIC/DAI', 'DAI/ETH', 'ETH/USDC']",
2025-03-27T13:02:33.157203,trade_31,direct,MATIC/USDT,pancakeswap,balancer,1.8325675127988221,2883.778718534347,2987.4722388714085,189.07524977415608,executed,standard,,ai,0.0,unknown,0.0,,,,,
2025-03-27T13:02:33.790745,trade_75,direct,WBTC/ETH,uniswap,pancakeswap,1.4776266922441248,3470.050328643333,3615.445287894513,1068.819727398654,executed,standard,0.0,standard,,,,,,,,
2025-03-27T13:02:33.383590,trade_70,triangle,,,,1.0,,,0.0,executed,triangle,,flashloan,,,,uniswap,"['USDT', 'DAI', 'MATIC', 'USDT']",[],"['USDT/DAI', 'DAI/MATIC', 'MATIC/USDT']",0.0
2025-03-27T13:02:33.066721,trade_8,triangle,,,,1.0,,,0.0,executed,triangle,0.0,standard,,,,pancakeswap,"['ETH', 'MATIC', 'USDT', 'ETH']",[],"['ETH/MATIC', 'MATIC/USDT', 'USDT/ETH']",
2025-03-27T13:02:33.124647,trade_12,direct,ETH/USDT,balancer,sushiswap,3.1205104471779928,2210.1545910051727,2260.8272965877763,786.6563758105013,executed,standard,0.0,standard,,,,,,,,
2025-03-27T13:02:33.275213,trade_26,triangle,,,,1.0,,,0.0,executed,triangle,0.0,standard,,,,balancer,"['ETH', 'MATIC', 'USDT', 'ETH']",[],"['ETH/MATIC', 'MATIC/USDT', 'USDT/ETH']",
2025-03-27T13:02:34.027834,trade_93,direct,ETH/USDC,uniswap,curve,1.8145626551302099,1495.0184967333191,1528.991083270916,306.67763394383314,executed,standard,0.0,standard,,,,,,,,
2025-03-27T13:02:33.288351,trade_50,triangle,,,,1.0,,,0.0,executed,triangle,,flashloan,,,,balancer,"['ETH', 'MATIC', 'USDT', 'ETH']",[],"['ETH/MATIC', 'MATIC/USDT', 'USDT/ETH']",0.0
2025-03-27T13:02:34.126775,trade_200,triangle,,,,1.0,,,0.0,executed,triangle,,ai,0.0,unknown,0.0,sushiswap,"['USDT', 'MATIC', 'DAI', 'USDT']",[],"['USDT/MATIC', 'MATIC/DAI', 'DAI/USDT']",
2025-03-27T13:02:33.884779,trade_162,triangle,,,,1.0,,,0.0,executed,triangle,,ai,0.0,unknown,0.0,curve,"['USDC', 'DAI', 'USDT', 'MATIC', 'USDC']",[],"['USDC/DAI', 'DAI/USDT', 'USDT/MATIC', 'MATIC/USDC']",
2025-03-27T13:02:33.417261,trade_44,triangle,,,,1.0,,,0.0,executed,triangle,0.0,standard,,,,balancer,"['USDT', 'ETH', 'MATIC', 'USDT']",[],"['USDT/ETH', 'ETH/MATIC', 'MATIC/USDT']",
2025-03-27T13:02:33.139542,trade_24,triangle,,,,1.0,,,0.0,executed,triangle,,flashloan,,,,balancer,"['ETH', 'USDT', 'DAI', 'ETH']",[],"['ETH/USDT', 'USDT/DAI', 'DAI/ETH']",0.0
2025-03-27T13:02:34.163413,trade_204,direct,ETH/USDC,uniswap,sushiswap,3.2185775242685093,342.8922467623512,356.2154759213533,213.32269986230963,executed,flashloan,,flashloan,,,,,,,,0.0
2025-03-27T13:02:33.988448,trade_179,direct,ETH/USDC,pancakeswap,sushiswap,0.14848791285034355,2439.8544974920846,2390.8163342318558,-7.2451666399631565,executed,flashloan,,flashloan,,,,,,,,0.0
2025-03-27T13:02:33.683914,trade_63,triangle,,,,1.0,,,0.0,executed,triangle,0.0,standard,,,,balancer,"['ETH', 'DAI', 'MATIC', 'ETH']",[],"['ETH/DAI', 'DAI/MATIC', 'MATIC/ETH']",
2025-03-27T13:02:33.586539,trade_105,triangle,,,,1.0,,,0.0,executed,triangle,,flashloan,,,,curve,"['MATIC', 'USDT', 'USDC', 'MATIC']",[],"['MATIC/USDT', 'USDT/USDC', 'USDC/MATIC']",0.0
2025-03-27T13:02:33.828517,trade_151,triangle,,,,1.0,,,0.0,executed,triangle,,ai,0.0,unknown,0.0,uniswap,"['USDT', 'ETH', 'MATIC', 'USDC', 'USDT']",[],"['USDT/ETH', 'ETH/MATIC', 'MATIC/USDC', 'USDC/USDT']",
2025-03-27T13:02:34.050321,trade_183,triangle,,,,1.0,,,0.0,executed,triangle,,flashloan,,,,sushiswap,"['DAI', 'ETH', 'MATIC', 'WBTC', 'DAI']",[],"['DAI/ETH', 'ETH/MATIC', 'MATIC/WBTC', 'WBTC/DAI']",0.0
2025-03-27T13:02:33.700489,trade_126,direct,ETH/USDT,balancer,sushiswap,3.4329123358480604,2274.703840596728,2322.1895866008576,810.981207986251,executed,flashloan,,flashloan,,,,,,,,0.0
2025-03-27T13:02:34.007811,trade_180,direct,USDC/DAI,curve,sushiswap,2.241285530953071,4644.98761950935,4533.390953995105,-248.86939176108982,executed,standard,,ai,0.0,unknown,0.0,,,,,
2025-03-27T13:02:33.718687,trade_132,direct,ETH/USDT,balancer,pancakeswap,0.6085756004818348,2285.8743892557695,2182.4664795327803,-62.61687310046831,executed,standard,,ai,0.0,unknown,0.0,,,,,
2025-03-27T13:02:34.225795,trade_211,triangle,,,,1.0,,,0.0,executed,triangle,,flashloan,,,,uniswap,"['MATIC', 'USDT', 'ETH', 'WBTC', 'MATIC']",[],"['MATIC/USDT', 'USDT/ETH', 'ETH/WBTC', 'WBTC/MATIC']",0.0
2025-03-27T13:02:33.624392,trade_58,triangle,,,,1.0,,,0.0,executed,triangle,0.0,standard,,,,uniswap,"['USDC', 'USDT', 'WBTC', 'USDC']",[],"['USDC/USDT', 'USDT/WBTC', 'WBTC/USDC']",
2025-03-27T13:02:33.772807,trade_142,triangle,,,,1.0,,,0.0,executed,triangle,,ai,0.0,unknown,0.0,balancer,"['ETH', 'DAI', 'MATIC', 'ETH']",[],"['ETH/DAI', 'DAI/MATIC', 'MATIC/ETH']",
2025-03-27T13:02:33.624294,trade_57,triangle,,,,1.0,,,0.0,executed,triangle,0.0,standard,,,,balancer,"['MATIC', 'ETH', 'USDT', 'WBTC', 'MATIC']",[],"['MATIC/ETH', 'ETH/USDT', 'USDT/WBTC', 'WBTC/MATIC']",
2025-03-27T13:02:33.383714,trade_72,triangle,,,,1.0,,,0.0,executed,triangle,,flashloan,,,,balancer,"['USDC', 'WBTC', 'USDT', 'DAI', 'USDC']",[],"['USDC/WBTC', 'WBTC/USDT', 'USDT/DAI', 'DAI/USDC']",0.0
2025-03-27T13:02:33.241127,trade_42,triangle,,,,1.0,,,0.0,executed,triangle,,flashloan,,,,uniswap,"['USDT', 'ETH', 'USDC', 'USDT']",[],"['USDT/ETH', 'ETH/USDC', 'USDC/USDT']",0.0
2025-03-27T13:02:34.145120,trade_102,direct,ETH/USDC,uniswap,curve,2.6178268029798044,3832.787766539236,3690.0692366118165,-371.7443309612453,executed,standard,0.0,standard,,,,,,,,
2025-03-27T13:02:33.607497,trade_107,direct,ETH/USDT,sushiswap,balancer,4.577594313499171,4072.4726264739684,3872.6539376490073,-910.1154492275223,executed,standard,,ai,0.0,unknown,0.0,,,,,
2025-03-27T13:02:33.107680,trade_21,triangle,,,,1.0,,,0.0,executed,triangle,,ai,0.0,unknown,0.0,uniswap,"['USDC', 'DAI', 'WBTC', 'ETH', 'USDC']",[],"['USDC/DAI', 'DAI/WBTC', 'WBTC/ETH', 'ETH/USDC']",
2025-03-27T13:02:33.349613,trade_68,triangle,,,,1.0,,,0.0,executed,triangle,,ai,0.0,unknown,0.0,pancakeswap,"['MATIC', 'ETH', 'WBTC', 'MATIC']",[],"['MATIC/ETH', 'ETH/WBTC', 'WBTC/MATIC']",
2025-03-27T13:02:34.183790,trade_205,direct,ETH/USDC,uniswap,curve,2.6178268029798044,3832.787766539236,3690.0692366118165,-371.7443309612453,executed,standard,,ai,0.0,unknown,0.0,,,,,
2025-03-27T13:02:33.556018,trade_55,triangle,,,,1.0,,,0.0,executed,triangle,0.0,standard,,,,curve,"['MATIC', 'USDT', 'USDC', 'MATIC']",[],"['MATIC/USDT', 'USDT/USDC', 'USDC/MATIC']",
2025-03-27T13:02:33.511498,trade_98,direct,MATIC/USDT,balancer,curve,1.6792888913084243,1070.5321259641778,1117.4539958936666,78.40139805734934,executed,standard,,ai,0.0,unknown,0.0,,,,,
2025-03-27T13:02:33.332571,trade_59,triangle,,,,1.0,,,0.0,executed,triangle,,flashloan,,,,pancakeswap,"['WBTC', 'ETH', 'USDT', 'DAI', 'WBTC']",[],"['WBTC/ETH', 'ETH/USDT', 'USDT/DAI', 'DAI/WBTC']",0.0
2025-03-27T13:02:33.107509,trade_19,triangle,,,,1.0,,,0.0,executed,triangle,,ai,0.0,unknown,0.0,pancakeswap,"['ETH', 'MATIC', 'USDT', 'ETH']",[],"['ETH/MATIC', 'MATIC/USDT', 'USDT/ETH']",
2025-03-27T13:02:33.624543,trade_60,direct,USDC/DAI,pancakeswap,curve,4.933410293557497,1332.466748733097,1378.8260226107968,1137.8066614304066,executed,standard,0.0,standard,,,,,,,,
2025-03-27T13:02:34.106779,trade_196,triangle,,,,1.0,,,0.0,executed,triangle,,flashloan,,,,sushiswap,"['USDT', 'MATIC', 'DAI', 'USDT']",[],"['USDT/MATIC', 'MATIC/DAI', 'DAI/USDT']",0.0
2025-03-27T13:02:34.247709,trade_214,direct,USDC/DAI,uniswap,pancakeswap,0.7825240646901411,1552.8668195099533,1533.558626377028,-15.033580143337923,executed,standard,,ai,0.0,unknown,0.0,,,,,
2025-03-27T13:02:33.684064,trade_65,direct,ETH/USDT,balancer,sushiswap,3.4329123358480604,2274.703840596728,2322.1895866008576,810.981207986251,executed,standard,0.0,standard,,,,,,,,
2025-03-27T13:02:33.302235,trade_55,triangle,,,,1.0,,,0.0,executed,triangle,,ai,0.0,unknown,0.0,balancer,"['ETH', 'MATIC', 'USDT', 'ETH']",[],"['ETH/MATIC', 'MATIC/USDT', 'USDT/ETH']",
2025-03-27T13:02:33.053791,trade_9,triangle,,,,1.0,,,0.0,executed,triangle,,ai,0.0,unknown,0.0,uniswap,"['DAI', 'USDT', 'WBTC', 'DAI']",[],"['DAI/USDT', 'USDT/WBTC', 'WBTC/DAI']",
2025-03-27T13:02:33.366856,trade_35,direct,WBTC/ETH,pancakeswap,curve,0.5478347603980026,3650.7543909085816,3832.6722345400544,99.16261368657936,executed,standard,0.0,standard,,,,,,,,
2025-03-27T13:02:33.486098,trade_93,direct,ETH/USDT,sushiswap,balancer,3.0534690167517624,3172.262045413622,3052.353724503135,-364.3056610371463,executed,flashloan,,flashloan,,,,,,,,0.0
2025-03-27T13:02:33.737499,trade_71,triangle,,,,1.0,,,0.0,executed,triangle,0.0,standard,,,,balancer,"['ETH', 'DAI', 'USDT', 'ETH']",[],"['ETH/DAI', 'DAI/USDT', 'USDT/ETH']",
2025-03-27T13:02:33.790570,trade_73,triangle,,,,1.0,,,0.0,executed,triangle,0.0,standard,,,,uniswap,"['USDT', 'ETH', 'MATIC', 'USDC', 'USDT']",[],"['USDT/ETH', 'ETH/MATIC', 'MATIC/USDC', 'USDC/USDT']",
2025-03-27T13:02:33.828599,trade_152,direct,WBTC/ETH,uniswap,balancer,0.19835313356018935,524.5106587377891,506.4799239331983,-3.5585704851389357,executed,standard,,ai,0.0,unknown,0.0,,,,,
2025-03-27T13:02:33.683992,trade_64,triangle,,,,1.0,,,0.0,executed,triangle,0.0,standard,,,,curve,"['WBTC', 'DAI', 'USDC', 'ETH', 'WBTC']",[],"['WBTC/DAI', 'DAI/USDC', 'USDC/ETH', 'ETH/WBTC']",
2025-03-27T13:02:34.328984,trade_223,direct,ETH/USDT,pancakeswap,sushiswap,4.863432827778046,1201.7020959347547,1258.9708815950366,277.13027772626407,executed,standard,,ai,0.0,unknown,0.0,,,,,
2025-03-27T13:02:33.401499,trade_82,triangle,,,,1.0,,,0.0,executed,triangle,,ai,0.0,unknown,0.0,balancer,"['WBTC', 'ETH', 'USDT', 'WBTC']",[],"['WBTC/ETH', 'ETH/USDT', 'USDT/WBTC']",
2025-03-27T13:02:33.923986,trade_167,direct,USDC/DAI,curve,balancer,2.138672290867084,4581.0988472057525,4746.137816945263,1755.9876266630217,executed,flashloan,,flashloan,,,,,,,,0.0
2025-03-27T13:02:33.944340,trade_176,triangle,,,,1.0,,,0.0,executed,triangle,,ai,0.0,unknown,0.0,pancakeswap,"['WBTC', 'ETH', 'MATIC', 'USDT', 'WBTC']",[],"['WBTC/ETH', 'ETH/MATIC', 'MATIC/USDT', 'USDT/WBTC']",
2025-03-27T13:02:34.027924,trade_94,triangle,,,,1.0,,,0.0,executed,triangle,0.0,standard,,,,sushiswap,"['MATIC', 'DAI', 'USDT', 'ETH', 'MATIC']",[],"['MATIC/DAI', 'DAI/USDT', 'USDT/ETH', 'ETH/MATIC']",
2025-03-27T13:02:33.185397,trade_35,triangle,,,,1.0,,,0.0,executed,triangle,,flashloan,,,,curve,"['USDC', 'WBTC', 'DAI', 'USDC']",[],"['USDC/WBTC', 'WBTC/DAI', 'DAI/USDC']",0.0
2025-03-27T13:02:33.828670,trade_153,direct,WBTC/ETH,uniswap,pancakeswap,1.4776266922441248,3470.050328643333,3615.445287894513,1068.819727398654,executed,standard,,ai,0.0,unknown,0.0,,,,,
2025-03-27T13:02:33.084018,trade_17,triangle,,,,1.0,,,0.0,executed,triangle,,flashloan,,,,pancakeswap,"['WBTC', 'ETH', 'DAI', 'WBTC']",[],"['WBTC/ETH', 'ETH/DAI', 'DAI/WBTC']",0.0
2025-03-27T13:02:33.201151,trade_38,triangle,,,,1.0,,,0.0,executed,triangle,,ai,0.0,unknown,0.0,curve,"['USDC', 'WBTC', 'DAI', 'USDC']",[],"['USDC/WBTC', 'WBTC/DAI', 'DAI/USDC']",
2025-03-27T13:02:33.772591,trade_139,triangle,,,,1.0,,,0.0,executed,triangle,,ai,0.0,unknown,0.0,pancakeswap,"['WBTC', 'USDT', 'USDC', 'ETH', 'WBTC']",[],"['WBTC/USDT', 'USDT/USDC', 'USDC/ETH', 'ETH/WBTC']",
2025-03-27T13:02:34.225611,trade_208,direct,USDC/DAI,balancer,uniswap,0.6639064524996464,1731.794634583058,1786.763692720039,181.55621653618874,executed,flashloan,,flashloan,,,,,,,,0.0
2025-03-27T13:02:33.302360,trade_57,triangle,,,,1.0,,,0.0,executed,triangle,,ai,0.0,unknown,0.0,sushiswap,"['USDT', 'MATIC', 'WBTC', 'USDT']",[],"['USDT/MATIC', 'MATIC/WBTC', 'WBTC/USDT']",
2025-03-27T13:02:33.511701,trade_100,direct,ETH/USDT,curve,balancer,0.45785419341643974,2801.5224087465313,2938.2575939090602,311.45739656075006,executed,standard,,ai,0.0,unknown,0.0,,,,,
2025-03-27T13:02:34.088462,trade_100,triangle,,,,1.0,,,0.0,executed,triangle,0.0,standard,,,,balancer,"['DAI', 'WBTC', 'MATIC', 'USDT', 'DAI']",[],"['DAI/WBTC', 'WBTC/MATIC', 'MATIC/USDT', 'USDT/DAI']",
2025-03-27T13:02:33.201249,trade_39,direct,USDC/DAI,balancer,sushiswap,1.8431221380049858,1492.2800048637394,1434.095233636892,-106.70543174324291,executed,standard,,ai,0.0,unknown,0.0,,,,,
2025-03-27T13:02:33.042047,trade_7,direct,WBTC/ETH,uniswap,curve,0.5633648170965114,836.5008470432593,809.5403101084131,-15.11267486932777,executed,flashloan,,flashloan,,,,,,,,0.0
2025-03-27T13:02:33.965235,trade_89,direct,USDC/DAI,curve,sushiswap,2.241285530953071,4644.98761950935,4533.390953995105,-248.86939176108982,executed,standard,0.0,standard,,,,,,,,
2025-03-27T13:02:33.318779,trade_32,triangle,,,,1.0,,,0.0,executed,triangle,0.0,standard,,,,pancakeswap,"['ETH', 'USDT', 'WBTC', 'MATIC', 'ETH']",[],"['ETH/USDT', 'USDT/WBTC', 'WBTC/MATIC', 'MATIC/ETH']",
2025-03-27T13:02:33.866520,trade_161,direct,USDC/DAI,balancer,pancakeswap,4.730252498258981,3250.9675280217853,3152.619696310758,-462.88402626619245,executed,flashloan,,flashloan,,,,,,,,0.0
2025-03-27T13:02:33.016588,trade_4,direct,ETH/USDT,sushiswap,curve,0.8434194547142595,2123.722349386344,2042.7405542726017,-67.96011336923128,executed,standard,,ai,0.0,unknown,0.0,,,,,
2025-03-27T13:02:34.328903,trade_222,direct,WBTC/ETH,pancakeswap,balancer,1.6056409498678539,2547.282660949793,2510.544195946045,-58.69383992607821,executed,standard,,ai,0.0,unknown,0.0,,,,,
2025-03-27T13:02:34.028096,trade_96,direct,USDC/DAI,curve,sushiswap,3.0614510962085455,510.8204655372548,521.3447986103125,160.2793853113649,executed,standard,0.0,standard,,,,,,,,
2025-03-27T13:02:34.050583,trade_187,direct,USDC/DAI,curve,sushiswap,3.0614510962085455,510.8204655372548,521.3447986103125,160.2793853113649,executed,flashloan,,flashloan,,,,,,,,0.0
2025-03-27T13:02:33.401276,trade_79,triangle,,,,1.0,,,0.0,executed,triangle,,ai,0.0,unknown,0.0,balancer,"['USDC', 'WBTC', 'USDT', 'DAI', 'USDC']",[],"['USDC/WBTC', 'WBTC/USDT', 'USDT/DAI', 'DAI/USDC']",
2025-03-27T13:02:33.107595,trade_20,triangle,,,,1.0,,,0.0,executed,triangle,,ai,0.0,unknown,0.0,uniswap,"['MATIC', 'DAI', 'ETH', 'WBTC', 'MATIC']",[],"['MATIC/DAI', 'DAI/ETH', 'ETH/WBTC', 'WBTC/MATIC']",
2025-03-27T13:02:33.223505,trade_21,triangle,,,,1.0,,,0.0,executed,triangle,0.0,standard,,,,pancakeswap,"['MATIC', 'DAI', 'USDT', 'MATIC']",[],"['MATIC/DAI', 'DAI/USDT', 'USDT/MATIC']",
2025-03-27T13:02:33.607869,trade_112,triangle,,,,1.0,,,0.0,executed,triangle,,ai,0.0,unknown,0.0,sushiswap,"['USDT', 'USDC', 'WBTC', 'ETH', 'USDT']",[],"['USDT/USDC', 'USDC/WBTC', 'WBTC/ETH', 'ETH/USDT']",
2025-03-27T13:02:33.288413,trade_51,triangle,,,,1.0,,,0.0,executed,triangle,,flashloan,,,,pancakeswap,"['ETH', 'DAI', 'USDT', 'ETH']",[],"['ETH/DAI', 'DAI/USDT', 'USDT/ETH']",0.0
2025-03-27T13:02:32.821184,trade_1,triangle,,,,1.0,,,0.0,executed,triangle,,flashloan,,,,uniswap,"['ETH', 'DAI', 'USDC', 'ETH']",[],"['ETH/DAI', 'DAI/USDC', 'USDC/ETH']",0.0
2025-03-27T13:02:33.450701,trade_91,triangle,,,,1.0,,,0.0,executed,triangle,,ai,0.0,unknown,0.0,curve,"['MATIC', 'DAI', 'USDT', 'USDC', 'MATIC']",[],"['MATIC/DAI', 'DAI/USDT', 'USDT/USDC', 'USDC/MATIC']",
2025-03-27T13:02:33.124732,trade_13,triangle,,,,1.0,,,0.0,executed,triangle,0.0,standard,,,,balancer,"['ETH', 'USDT', 'DAI', 'ETH']",[],"['ETH/USDT', 'USDT/DAI', 'DAI/ETH']",
2025-03-27T13:02:33.737566,trade_72,direct,USDC/DAI,balancer,uniswap,3.631005435739189,3283.3778630276925,3194.152117505333,-322.35927116457066,executed,standard,0.0,standard,,,,,,,,
2025-03-27T13:02:33.944072,trade_172,direct,USDC/DAI,curve,balancer,2.138672290867084,4581.0988472057525,4746.137816945263,1755.9876266630217,executed,standard,,ai,0.0,unknown,0.0,,,,,
2025-03-27T13:02:34.247515,trade_212,triangle,,,,1.0,,,0.0,executed,triangle,,ai,0.0,unknown,0.0,sushiswap,"['USDC', 'DAI', 'MATIC', 'ETH', 'USDC']",[],"['USDC/DAI', 'DAI/MATIC', 'MATIC/ETH', 'ETH/USDC']",
2025-03-27T13:02:33.808484,trade_148,direct,WBTC/ETH,pancakeswap,uniswap,2.7795285434470958,3084.893508962491,3148.056440461846,174.6853551352989,executed,flashloan,,flashloan,,,,,,,,0.0
2025-03-27T13:02:34.204481,trade_105,direct,USDC/DAI,balancer,uniswap,0.6639064524996464,1731.794634583058,1786.763692720039,181.55621653618874,executed,standard,0.0,standard,,,,,,,,
2025-03-27T13:02:34.274979,trade_110,direct,WBTC/ETH,pancakeswap,balancer,1.6056409498678539,2547.282660949793,2510.544195946045,-58.69383992607821,executed,standard,0.0,standard,,,,,,,,
2025-03-27T13:02:33.107759,trade_22,triangle,,,,1.0,,,0.0,executed,triangle,,ai,0.0,unknown,0.0,pancakeswap,"['WBTC', 'ETH', 'DAI', 'WBTC']",[],"['WBTC/ETH', 'ETH/DAI', 'DAI/WBTC']",
2025-03-27T13:02:33.318893,trade_34,triangle,,,,1.0,,,0.0,executed,triangle,0.0,standard,,,,pancakeswap,"['MATIC', 'ETH', 'WBTC', 'MATIC']",[],"['MATIC/ETH', 'ETH/WBTC', 'WBTC/MATIC']",
2025-03-27T13:02:33.401107,trade_77,triangle,,,,1.0,,,0.0,executed,triangle,,ai,0.0,unknown,0.0,uniswap,"['USDT', 'DAI', 'MATIC', 'USDT']",[],"['USDT/DAI', 'DAI/MATIC', 'MATIC/USDT']",
2025-03-27T13:02:34.069866,trade_194,direct,ETH/USDT,uniswap,curve,2.239745806885913,2357.8689156370706,2459.2931047044417,1130.1328219916002,executed,standard,,ai,0.0,unknown,0.0,,,,,
2025-03-27T13:02:33.383652,trade_71,triangle,,,,1.0,,,0.0,executed,triangle,,flashloan,,,,balancer,"['WBTC', 'DAI', 'ETH', 'WBTC']",[],"['WBTC/DAI', 'DAI/ETH', 'ETH/WBTC']",0.0
2025-03-27T13:02:34.088523,trade_101,direct,USDC/DAI,balancer,uniswap,4.172911531054929,560.1376641095897,532.9258685018183,-112.9846535940171,executed,standard,0.0,standard,,,,,,,,
2025-03-27T13:02:33.700365,trade_124,triangle,,,,1.0,,,0.0,executed,triangle,,flashloan,,,,balancer,"['ETH', 'DAI', 'MATIC', 'ETH']",[],"['ETH/DAI', 'DAI/MATIC', 'MATIC/ETH']",0.0
2025-03-27T13:02:33.318716,trade_31,direct,ETH/USDC,curve,pancakeswap,2.0459747578593968,3186.481331682958,3264.5399245307235,794.5276983513355,executed,standard,0.0,standard,,,,,,,,
2025-03-27T13:02:33.666384,trade_118,triangle,,,,1.0,,,0.0,executed,triangle,,ai,0.0,unknown,0.0,balancer,"['MATIC', 'ETH', 'USDT', 'WBTC', 'MATIC']",[],"['MATIC/ETH', 'ETH/USDT', 'USDT/WBTC', 'WBTC/MATIC']",
2025-03-27T13:02:33.171673,trade_19,direct,USDC/DAI,balancer,sushiswap,1.8431221380049858,1492.2800048637394,1434.095233636892,-106.70543174324291,executed,standard,0.0,standard,,,,,,,,
2025-03-27T13:02:33.029842,trade_3,triangle,,,,1.0,,,0.0,executed,triangle,0.0,standard,,,,uniswap,"['DAI', 'USDT', 'WBTC', 'DAI']",[],"['DAI/USDT', 'USDT/WBTC', 'WBTC/DAI']",
2025-03-27T13:02:33.902860,trade_84,direct,USDC/DAI,curve,balancer,2.138672290867084,4581.0988472057525,4746.137816945263,1755.9876266630217,executed,standard,0.0,standard,,,,,,,,
2025-03-27T13:02:33.383777,trade_73,triangle,,,,1.0,,,0.0,executed,triangle,,flashloan,,,,curve,"['WBTC', 'MATIC', 'ETH', 'DAI', 'WBTC']",[],"['WBTC/MATIC', 'MATIC/ETH', 'ETH/DAI', 'DAI/WBTC']",0.0
2025-03-27T13:02:34.225731,trade_210,direct,ETH/USDC,uniswap,sushiswap,4.875864311755124,2550.350135557793,2589.2247562868115,942.9762534426478,executed,flashloan,,flashloan,,,,,,,,0.0
2025-03-27T13:02:33.349435,trade_65,direct,ETH/USDC,curve,pancakeswap,2.0459747578593968,3186.481331682958,3264.5399245307235,794.5276983513355,executed,standard,,ai,0.0,unknown,0.0,,,,,
2025-03-27T13:02:34.329087,trade_224,direct,MATIC/USDT,balancer,sushiswap,1.564046888269002,210.06684052819605,216.59398079959567,50.78151010712264,executed,standard,,ai,0.0,unknown,0.0,,,,,
2025-03-27T13:02:33.718369,trade_128,direct,WBTC/ETH,balancer,sushiswap,3.4790620334197007,3621.136411600401,3566.8922618144425,-187.77516824518264,executed,standard,,ai,0.0,unknown,0.0,,,,,
2025-03-27T13:02:33.185475,trade_36,direct,USDC/DAI,balancer,sushiswap,1.8431221380049858,1492.2800048637394,1434.095233636892,-106.70543174324291,executed,flashloan,,flashloan,,,,,,,,0.0
2025-03-27T13:02:33.586262,trade_101,direct,ETH/USDT,sushiswap,balancer,4.577594313499171,4072.4726264739684,3872.6539376490073,-910.1154492275223,executed,flashloan,,flashloan,,,,,,,,0.0
2025-03-27T13:02:33.041986,trade_6,direct,WBTC/ETH,pancakeswap,balancer,0.7721036920499597,843.832956544764,871.6744026517946,106.9415301063461,executed,flashloan,,flashloan,,,,,,,,0.0
2025-03-27T13:02:33.432631,trade_85,triangle,,,,1.0,,,0.0,executed,triangle,,flashloan,,,,balancer,"['USDT', 'ETH', 'MATIC', 'USDT']",[],"['USDT/ETH', 'ETH/MATIC', 'MATIC/USDT']",0.0
2025-03-27T13:02:33.053916,trade_11,direct,WBTC/ETH,uniswap,curve,0.5633648170965114,836.5008470432593,809.5403101084131,-15.11267486932777,executed,standard,,ai,0.0,unknown,0.0,,,,,
2025-03-27T13:02:33.944280,trade_175,direct,USDC/DAI,balancer,curve,2.805732543117881,3309.6668934625477,3223.0768879109974,-241.73365450231907,executed,standard,,ai,0.0,unknown,0.0,,,,,
2025-03-27T13:02:33.260542,trade_47,direct,ETH/USDC,pancakeswap,sushiswap,3.837355492218577,2687.544352659659,2573.054347740006,-437.14215493664983,executed,standard,,ai,0.0,unknown,0.0,,,,,
2025-03-27T13:02:33.332637,trade_60,direct,ETH/USDC,curve,pancakeswap,2.0459747578593968,3186.481331682958,3264.5399245307235,794.5276983513355,executed,flashloan,,flashloan,,,,,,,,0.0
2025-03-27T13:02:33.332843,trade_63,triangle,,,,1.0,,,0.0,executed,triangle,,flashloan,,,,pancakeswap,"['MATIC', 'ETH', 'WBTC', 'MATIC']",[],"['MATIC/ETH', 'ETH/WBTC', 'WBTC/MATIC']",0.0
2025-03-27T13:02:33.260342,trade_45,triangle,,,,1.0,,,0.0,executed,triangle,,ai,0.0,unknown,0.0,pancakeswap,"['MATIC', 'DAI', 'USDT', 'MATIC']",[],"['MATIC/DAI', 'DAI/USDT', 'USDT/MATIC']",
2025-03-27T13:02:33.866389,trade_159,direct,MATIC/USDT,sushiswap,balancer,1.1083167549925592,3004.522429135497,2958.40167145127,-50.860826451908814,executed,flashloan,,flashloan,,,,,,,,0.0
2025-03-27T13:02:33.828816,trade_155,triangle,,,,1.0,,,0.0,executed,triangle,,ai,0.0,unknown,0.0,curve,"['ETH', 'USDT', 'MATIC', 'ETH']",[],"['ETH/USDT', 'USDT/MATIC', 'MATIC/ETH']",
2025-03-27T13:02:34.275095,trade_111,direct,ETH/USDT,pancakeswap,sushiswap,4.863432827778046,1201.7020959347547,1258.9708815950366,277.13027772626407,executed,standard,0.0,standard,,,,,,,,
2025-03-27T13:02:33.828747,trade_154,direct,WBTC/ETH,pancakeswap,uniswap,2.7795285434470958,3084.893508962491,3148.056440461846,174.6853551352989,executed,standard,,ai,0.0,unknown,0.0,,,,,
2025-03-27T13:02:33.884918,trade_164,direct,MATIC/USDT,sushiswap,balancer,1.1083167549925592,3004.522429135497,2958.40167145127,-50.860826451908814,executed,standard,,ai,0.0,unknown,0.0,,,,,
2025-03-27T13:02:33.647805,trade_116,direct,USDC/DAI,pancakeswap,curve,4.933410293557497,1332.466748733097,1378.8260226107968,1137.8066614304066,executed,flashloan,,flashloan,,,,,,,,0.0
2025-03-27T13:02:34.050520,trade_186,triangle,,,,1.0,,,0.0,executed,triangle,,flashloan,,,,uniswap,"['WBTC', 'MATIC', 'USDT', 'DAI', 'WBTC']",[],"['WBTC/MATIC', 'MATIC/USDT', 'USDT/DAI', 'DAI/WBTC']",0.0
2025-03-27T13:02:34.126899,trade_202,direct,USDC/DAI,balancer,uniswap,4.172911531054929,560.1376641095897,532.9258685018183,-112.9846535940171,executed,standard,,ai,0.0,unknown,0.0,,,,,
2025-03-27T13:02:33.432754,trade_87,direct,ETH/USDT,curve,uniswap,4.928400539003487,1120.337606076012,1137.1267319570807,411.63431158062303,executed,flashloan,,flashloan,,,,,,,,0.0
2025-03-27T13:02:33.471282,trade_50,direct,ETH/USDT,curve,balancer,0.45785419341643974,2801.5224087465313,2938.2575939090602,311.45739656075006,executed,standard,0.0,standard,,,,,,,,
2025-03-27T13:02:33.737424,trade_70,triangle,,,,1.0,,,0.0,executed,triangle,0.0,standard,,,,balancer,"['ETH', 'DAI', 'MATIC', 'ETH']",[],"['ETH/DAI', 'DAI/MATIC', 'MATIC/ETH']",
2025-03-27T13:02:33.318641,trade_30,triangle,,,,1.0,,,0.0,executed,triangle,0.0,standard,,,,pancakeswap,"['WBTC', 'ETH', 'USDT', 'DAI', 'WBTC']",[],"['WBTC/ETH', 'ETH/USDT', 'USDT/DAI', 'DAI/WBTC']",
2025-03-27T13:02:33.586401,trade_103,direct,USDC/DAI,sushiswap,pancakeswap,4.405992385143838,2293.656718503423,2261.024348188261,-143.05908524220865,executed,flashloan,,flashloan,,,,,,,,0.0
2025-03-27T13:02:33.754501,trade_137,triangle,,,,1.0,,,0.0,executed,triangle,,flashloan,,,,balancer,"['ETH', 'DAI', 'USDT', 'ETH']",[],"['ETH/DAI', 'DAI/USDT', 'USDT/ETH']",0.0
2025-03-27T13:02:33.772872,trade_143,triangle,,,,1.0,,,0.0,executed,triangle,,ai,0.0,unknown,0.0,balancer,"['ETH', 'DAI', 'USDT', 'ETH']",[],"['ETH/DAI', 'DAI/USDT', 'USDT/ETH']",
2025-03-27T13:02:33.401353,trade_80,triangle,,,,1.0,,,0.0,executed,triangle,,ai,0.0,unknown,0.0,curve,"['WBTC', 'MATIC', 'ETH', 'DAI', 'WBTC']",[],"['WBTC/MATIC', 'MATIC/ETH', 'ETH/DAI', 'DAI/WBTC']",
2025-03-27T13:02:34.275248,trade_112,direct,MATIC/USDT,balancer,sushiswap,1.564046888269002,210.06684052819605,216.59398079959567,50.78151010712264,executed,standard,0.0,standard,,,,,,,,
2025-03-27T13:02:33.556119,trade_56,triangle,,,,1.0,,,0.0,executed,triangle,0.0,standard,,,,sushiswap,"['USDT', 'USDC', 'WBTC', 'ETH', 'USDT']",[],"['USDT/USDC', 'USDC/WBTC', 'WBTC/ETH', 'ETH/USDT']",
2025-03-27T13:02:34.069740,trade_192,triangle,,,,1.0,,,0.0,executed,triangle,,ai,0.0,unknown,0.0,uniswap,"['WBTC', 'MATIC', 'USDT', 'DAI', 'WBTC']",[],"['WBTC/MATIC', 'MATIC/USDT', 'USDT/DAI', 'DAI/WBTC']",
2025-03-27T13:02:33.607721,trade_110,triangle,,,,1.0,,,0.0,executed,triangle,,ai,0.0,unknown,0.0,pancakeswap,"['USDC', 'USDT', 'ETH', 'MATIC', 'USDC']",[],"['USDC/USDT', 'USDT/ETH', 'ETH/MATIC', 'MATIC/USDC']",
2025-03-27T13:02:34.126704,trade_199,direct,ETH/USDT,curve,uniswap,1.2267505163871695,2808.802589066331,2671.5787529087265,-167.497714807635,executed,standard,,ai,0.0,unknown,0.0,,,,,
2025-03-27T13:02:33.790971,trade_78,direct,WBTC/ETH,sushiswap,balancer,2.793827411449066,3381.229764051798,3437.1646443741865,777.4426272331864,executed,standard,0.0,standard,,,,,,,,
2025-03-27T13:02:33.718454,trade_129,triangle,,,,1.0,,,0.0,executed,triangle,,ai,0.0,unknown,0.0,balancer,"['ETH', 'DAI', 'MATIC', 'ETH']",[],"['ETH/DAI', 'DAI/MATIC', 'MATIC/ETH']",
2025-03-27T13:02:33.924282,trade_171,triangle,,,,1.0,,,0.0,executed,triangle,,flashloan,,,,pancakeswap,"['WBTC', 'ETH', 'MATIC', 'USDT', 'WBTC']",[],"['WBTC/ETH', 'ETH/MATIC', 'MATIC/USDT', 'USDT/WBTC']",0.0
2025-03-27T13:02:34.069613,trade_190,direct,ETH/USDC,uniswap,curve,1.8145626551302099,1495.0184967333191,1528.991083270916,306.67763394383314,executed,standard,,ai,0.0,unknown,0.0,,,,,
2025-03-27T13:02:33.666607,trade_121,direct,USDC/DAI,pancakeswap,curve,4.933410293557497,1332.466748733097,1378.8260226107968,1137.8066614304066,executed,standard,,ai,0.0,unknown,0.0,,,,,
2025-03-27T13:02:33.555890,trade_54,triangle,,,,1.0,,,0.0,executed,triangle,0.0,standard,,,,pancakeswap,"['USDC', 'USDT', 'ETH', 'MATIC', 'USDC']",[],"['USDC/USDT', 'USDT/ETH', 'ETH/MATIC', 'MATIC/USDC']",
2025-03-27T13:02:33.666467,trade_119,triangle,,,,1.0,,,0.0,executed,triangle,,ai,0.0,unknown,0.0,uniswap,"['USDC', 'USDT', 'WBTC', 'USDC']",[],"['USDC/USDT', 'USDT/WBTC', 'WBTC/USDC']",
2025-03-27T13:02:33.349367,trade_64,triangle,,,,1.0,,,0.0,executed,triangle,,ai,0.0,unknown,0.0,pancakeswap,"['WBTC', 'ETH', 'USDT', 'DAI', 'WBTC']",[],"['WBTC/ETH', 'ETH/USDT', 'USDT/DAI', 'DAI/WBTC']",
2025-03-27T13:02:33.124970,trade_16,triangle,,,,1.0,,,0.0,executed,triangle,0.0,standard,,,,curve,"['USDC', 'USDT', 'MATIC', 'USDC']",[],"['USDC/USDT', 'USDT/MATIC', 'MATIC/USDC']",
2025-03-27T13:02:33.066798,trade_9,triangle,,,,1.0,,,0.0,executed,triangle,0.0,standard,,,,uniswap,"['MATIC', 'DAI', 'ETH', 'WBTC', 'MATIC']",[],"['MATIC/DAI', 'DAI/ETH', 'ETH/WBTC', 'WBTC/MATIC']",
2025-03-27T13:02:33.332757,trade_62,direct,USDC/DAI,balancer,pancakeswap,1.528088415258277,1176.4705332951849,1199.3860932067716,174.20270671164386,executed,flashloan,,flashloan,,,,,,,,0.0
2025-03-27T13:02:33.383894,trade_75,triangle,,,,1.0,,,0.0,executed,triangle,,flashloan,,,,balancer,"['WBTC', 'ETH', 'USDT', 'WBTC']",[],"['WBTC/ETH', 'ETH/USDT', 'USDT/WBTC']",0.0
2025-03-27T13:02:33.555803,trade_53,direct,USDC/DAI,sushiswap,pancakeswap,4.405992385143838,2293.656718503423,2261.024348188261,-143.05908524220865,executed,standard,0.0,standard,,,,,,,,
2025-03-27T13:02:33.718534,trade_130,triangle,,,,1.0,,,0.0,executed,triangle,,ai,0.0,unknown,0.0,curve,"['WBTC', 'DAI', 'USDC', 'ETH', 'WBTC']",[],"['WBTC/DAI', 'DAI/USDC', 'USDC/ETH', 'ETH/WBTC']",
2025-03-27T13:02:33.885084,trade_166,direct,USDC/DAI,balancer,pancakeswap,4.730252498258981,3250.9675280217853,3152.619696310758,-462.88402626619245,executed,standard,,ai,0.0,unknown,0.0,,,,,
2025-03-27T13:02:33.223809,trade_24,direct,MATIC/USDT,uniswap,sushiswap,1.379155673283795,4882.174014312467,5116.370569624317,321.37854038225043,executed,standard,0.0,standard,,,,,,,,
2025-03-27T13:02:33.586333,trade_102,direct,ETH/USDC,uniswap,sushiswap,2.98248076239381,2886.694192829,2744.130032479525,-423.0688913208887,executed,flashloan,,flashloan,,,,,,,,0.0
2025-03-27T13:02:34.106710,trade_195,direct,ETH/USDT,curve,uniswap,1.2267505163871695,2808.802589066331,2671.5787529087265,-167.497714807635,executed,flashloan,,flashloan,,,,,,,,0.0
2025-03-27T13:02:33.139883,trade_28,triangle,,,,1.0,,,0.0,executed,triangle,,flashloan,,,,curve,"['USDC', 'USDT', 'WBTC', 'USDC']",[],"['USDC/USDT', 'USDT/WBTC', 'WBTC/USDC']",0.0
2025-03-27T13:02:33.754576,trade_138,direct,USDC/DAI,balancer,uniswap,3.631005435739189,3283.3778630276925,3194.152117505333,-322.35927116457066,executed,flashloan,,flashloan,,,,,,,,0.0
2025-03-27T13:02:33.401427,trade_81,direct,ETH/USDT,uniswap,balancer,4.101584474905545,2842.5577616524906,2739.6111664260243,-420.1329359416333,executed,standard,,ai,0.0,unknown,0.0,,,,,
2025-03-27T13:02:33.367245,trade_40,direct,ETH/USDT,uniswap,balancer,4.101584474905545,2842.5577616524906,2739.6111664260243,-420.1329359416333,executed,standard,0.0,standard,,,,,,,,
2025-03-27T13:02:34.302086,trade_218,direct,WBTC/ETH,pancakeswap,balancer,1.6056409498678539,2547.282660949793,2510.544195946045,-58.69383992607821,executed,flashloan,,flashloan,,,,,,,,0.0
2025-03-27T13:02:33.053975,trade_12,direct,ETH/USDC,pancakeswap,uniswap,4.639610151475267,1921.7888482724998,2005.542842456762,386.64295223568377,executed,standard,,ai,0.0,unknown,0.0,,,,,
2025-03-27T13:02:33.754427,trade_136,triangle,,,,1.0,,,0.0,executed,triangle,,flashloan,,,,balancer,"['ETH', 'DAI', 'MATIC', 'ETH']",[],"['ETH/DAI', 'DAI/MATIC', 'MATIC/ETH']",0.0
2025-03-27T13:02:34.126836,trade_201,triangle,,,,1.0,,,0.0,executed,triangle,,ai,0.0,unknown,0.0,balancer,"['DAI', 'WBTC', 'MATIC', 'USDT', 'DAI']",[],"['DAI/WBTC', 'WBTC/MATIC', 'MATIC/USDT', 'USDT/DAI']",
2025-03-27T13:02:33.866451,trade_160,triangle,,,,1.0,,,0.0,executed,triangle,,flashloan,,,,pancakeswap,"['ETH', 'USDC', 'DAI', 'ETH']",[],"['ETH/USDC', 'USDC/DAI', 'DAI/ETH']",0.0
2025-03-27T13:02:33.666677,trade_122,direct,ETH/USDC,balancer,pancakeswap,3.422887476246537,3231.1010071766264,3274.8217459070966,744.4991630439046,executed,standard,,ai,0.0,unknown,0.0,,,,,
2025-03-27T13:02:32.805722,trade_2,direct,ETH/USDT,sushiswap,curve,0.8434194547142595,2123.722349386344,2042.7405542726017,-67.96011336923128,executed,standard,0.0,standard,,,,,,,,
2025-03-27T13:02:33.754241,trade_134,direct,MATIC/USDT,curve,uniswap,4.0716407160151,3702.226996765227,3565.4866513749403,-553.9737700239934,executed,flashloan,,flashloan,,,,,,,,0.0
2025-03-27T13:02:33.432567,trade_84,triangle,,,,1.0,,,0.0,executed,triangle,,flashloan,,,,sushiswap,"['DAI', 'MATIC', 'USDC', 'ETH', 'DAI']",[],"['DAI/MATIC', 'MATIC/USDC', 'USDC/ETH', 'ETH/DAI']",0.0
2025-03-27T13:02:33.647734,trade_115,triangle,,,,1.0,,,0.0,executed,triangle,,flashloan,,,,balancer,"['USDC', 'MATIC', 'DAI', 'ETH', 'USDC']",[],"['USDC/MATIC', 'MATIC/DAI', 'DAI/ETH', 'ETH/USDC']",0.0
2025-03-27T13:02:33.066641,trade_7,direct,USDC/DAI,balancer,sushiswap,4.752978113103631,964.6975804981544,917.3430400009744,-223.94971906648013,executed,standard,0.0,standard,,,,,,,,
2025-03-27T13:02:33.107409,trade_18,direct,USDC/DAI,balancer,sushiswap,4.752978113103631,964.6975804981544,917.3430400009744,-223.94971906648013,executed,standard,,ai,0.0,unknown,0.0,,,,,
2025-03-27T13:02:33.302418,trade_58,direct,ETH/USDT,pancakeswap,balancer,2.3684468411901265,2452.6524494107216,2491.916173125272,462.63825562479354,executed,standard,,ai,0.0,unknown,0.0,,,,,
2025-03-27T13:02:33.041910,trade_5,triangle,,,,1.0,,,0.0,executed,triangle,,flashloan,,,,uniswap,"['DAI', 'USDT', 'WBTC', 'DAI']",[],"['DAI/USDT', 'USDT/WBTC', 'WBTC/DAI']",0.0
2025-03-27T13:02:33.185541,trade_37,direct,ETH/USDC,sushiswap,balancer,1.2396774715399574,1877.5276356891102,1964.5631014786527,536.7784141348909,executed,flashloan,,flashloan,,,,,,,,0.0
2025-03-27T13:02:34.007946,trade_182,direct,ETH/USDC,pancakeswap,sushiswap,0.14848791285034355,2439.8544974920846,2390.8163342318558,-7.2451666399631565,executed,standard,,ai,0.0,unknown,0.0,,,,,
2025-03-27T13:02:33.417196,trade_43,triangle,,,,1.0,,,0.0,executed,triangle,0.0,standard,,,,sushiswap,"['DAI', 'MATIC', 'USDC', 'ETH', 'DAI']",[],"['DAI/MATIC', 'MATIC/USDC', 'USDC/ETH', 'ETH/DAI']",
2025-03-27T13:02:33.683838,trade_62,direct,WBTC/ETH,balancer,sushiswap,3.4790620334197007,3621.136411600401,3566.8922618144425,-187.77516824518264,executed,standard,0.0,standard,,,,,,,,
2025-03-27T13:02:34.204610,trade_107,direct,ETH/USDC,uniswap,sushiswap,4.875864311755124,2550.350135557793,2589.2247562868115,942.9762534426478,executed,standard,0.0,standard,,,,,,,,
2025-03-27T13:02:34.050645,trade_188,direct,ETH/USDT,uniswap,curve,2.239745806885913,2357.8689156370706,2459.2931047044417,1130.1328219916002,executed,flashloan,,flashloan,,,,,,,,0.0
2025-03-27T13:02:33.201345,trade_40,direct,ETH/USDC,sushiswap,balancer,1.2396774715399574,1877.5276356891102,1964.5631014786527,536.7784141348909,executed,standard,,ai,0.0,unknown,0.0,,,,,
2025-03-27T13:02:33.139722,trade_26,direct,ETH/USDT,pancakeswap,balancer,3.1849896473561814,2613.359815401091,2540.8455029938777,-229.80254763061566,executed,flashloan,,flashloan,,,,,,,,0.0
2025-03-27T13:02:33.260645,trade_48,direct,MATIC/USDT,uniswap,sushiswap,1.379155673283795,4882.174014312467,5116.370569624317,321.37854038225043,executed,standard,,ai,0.0,unknown,0.0,,,,,
2025-03-27T13:02:34.302154,trade_219,direct,ETH/USDT,pancakeswap,sushiswap,4.863432827778046,1201.7020959347547,1258.9708815950366,277.13027772626407,executed,flashloan,,flashloan,,,,,,,,0.0
2025-03-27T13:02:33.607796,trade_111,triangle,,,,1.0,,,0.0,executed,triangle,,ai,0.0,unknown,0.0,curve,"['MATIC', 'USDT', 'USDC', 'MATIC']",[],"['MATIC/USDT', 'USDT/USDC', 'USDC/MATIC']",
2025-03-27T13:02:34.302220,trade_220,direct,MATIC/USDT,balancer,sushiswap,1.564046888269002,210.06684052819605,216.59398079959567,50.78151010712264,executed,flashloan,,flashloan,,,,,,,,0.0
2025-03-27T13:02:33.607573,trade_108,direct,ETH/USDC,uniswap,sushiswap,2.98248076239381,2886.694192829,2744.130032479525,-423.0688913208887,executed,standard,,ai,0.0,unknown,0.0,,,,,
2025-03-27T13:02:33.083768,trade_14,triangle,,,,1.0,,,0.0,executed,triangle,,flashloan,,,,pancakeswap,"['ETH', 'MATIC', 'USDT', 'ETH']",[],"['ETH/MATIC', 'MATIC/USDT', 'USDT/ETH']",0.0
2025-03-27T13:02:33.124818,trade_14,direct,MATIC/USDT,pancakeswap,balancer,1.8325675127988221,2883.778718534347,2987.4722388714085,189.07524977415608,executed,standard,0.0,standard,,,,,,,,
2025-03-27T13:02:33.471101,trade_48,direct,MATIC/USDT,balancer,curve,1.6792888913084243,1070.5321259641778,1117.4539958936666,78.40139805734934,executed,standard,0.0,standard,,,,,,,,
2025-03-27T13:02:33.555580,trade_51,direct,ETH/USDT,sushiswap,balancer,4.577594313499171,4072.4726264739684,3872.6539376490073,-910.1154492275223,executed,standard,0.0,standard,,,,,,,,
2025-03-27T13:02:33.157384,trade_34,triangle,,,,1.0,,,0.0,executed,triangle,,ai,0.0,unknown,0.0,curve,"['USDC', 'USDT', 'WBTC', 'USDC']",[],"['USDC/USDT', 'USDT/WBTC', 'WBTC/USDC']",
